sale_id,store_id,model,sale_date,quantity,unit_price
23434,1,Galaxy S20,2023-05-21,2,943.7
22280,1,Galaxy Z Flip,2023-10-30,4,1250.77
36062,2,Galaxy S21,2023-09-16,5,723.34
10851,4,Galaxy Z Flip,2023-04-23,4,1404.64
54118,4,Galaxy S21,2023-06-24,3,743.95
55082,1,Galaxy S20,2023-07-14,1,970.82
59615,3,Galaxy Z Flip,2023-01-23,4,1390.0
57400,5,Galaxy S20,2023-05-31,5,1076.01
39871,2,Galaxy Z Flip,2023-12-27,1,1254.65
69429,1,Galaxy S22,2023-04-30,1,828.65
44993,2,Galaxy S22,2023-07-09,3,799.67
42087,5,Galaxy S20,2023-11-22,2,1005.82
93886,4,Galaxy S21,2023-07-14,3,877.23
17331,2,Galaxy Z Flip,2023-12-17,3,1474.63
37653,1,Galaxy S21,2023-06-11,4,761.88
94259,3,Galaxy Z Flip,2023-04-19,4,1351.19
83579,2,Galaxy S23,2023-05-16,2,853.44
62350,3,Galaxy Z Flip,2023-10-27,4,1489.8
16175,2,Galaxy S22,2023-03-12,5,847.9
65333,2,Galaxy S20,2023-11-18,2,1057.36
71348,1,Galaxy Z Flip,2023-07-17,4,1406.47
25014,3,Galaxy Z Flip,2023-10-11,1,1429.76
66985,3,Galaxy Z Flip,2023-11-25,3,1272.79
33416,4,Galaxy S21,2023-01-02,3,874.41
76540,1,Galaxy Z Flip,2023-11-17,3,1474.3
80697,2,Galaxy Z Flip,2023-03-20,3,1452.45
24662,1,Galaxy Z Flip,2023-11-03,3,1376.86
84364,3,Galaxy S22,2023-05-03,1,805.0
79822,1,Galaxy S20,2023-09-06,1,1094.5
31643,2,Galaxy S21,2023-12-04,4,870.41
80686,5,Galaxy S22,2023-11-07,4,927.85
77839,3,Galaxy S21,2023-07-24,3,789.11
12757,1,Galaxy S23,2023-05-07,2,820.61
19305,5,Galaxy Z Flip,2023-04-28,5,1302.78
19287,2,Galaxy S20,2023-02-04,1,1070.86
27342,2,Galaxy Z Flip,2023-05-23,4,1301.13
63354,5,Galaxy Z Flip,2023-08-31,2,1458.55
63883,1,Galaxy S21,2023-02-19,4,775.72
54473,1,Galaxy S23,2023-12-11,1,820.0
28373,2,Galaxy S20,2023-04-09,2,1006.25
19880,2,Galaxy S23,2023-05-23,4,854.02
80855,5,Galaxy S23,2023-02-20,1,926.36
73092,1,Galaxy S20,2023-05-02,2,980.3
61173,4,Galaxy S21,2023-01-31,2,779.66
82845,4,Galaxy S22,2023-05-27,4,882.38
17665,2,Galaxy S23,2023-04-08,3,848.24
86569,5,Galaxy Z Flip,2023-02-01,3,1257.78
76562,5,Galaxy S23,2023-09-29,2,819.33
40828,2,Galaxy S20,2023-02-05,5,912.68
15209,1,Galaxy S23,2023-10-19,2,913.19
51467,1,Galaxy Z Flip,2023-08-03,5,1398.0
61876,2,Galaxy S22,2023-12-09,3,804.63
19508,3,Galaxy S21,2023-08-23,3,867.56
19602,4,Galaxy S20,2023-11-15,5,1098.12
55745,2,Galaxy Z Flip,2023-09-17,3,1278.56
81200,2,Galaxy S20,2023-07-09,3,930.62
82692,5,Galaxy S22,2023-12-01,5,765.43
24029,1,Galaxy S22,2023-03-10,3,783.7
54942,2,Galaxy Z Flip,2023-05-20,3,1408.93
16658,3,Galaxy S21,2023-09-16,4,759.23
27146,4,Galaxy S20,2023-05-22,1,899.81
83519,2,Galaxy S22,2023-08-15,5,883.92
58393,1,Galaxy S20,2023-02-08,2,1008.11
50404,5,Galaxy Z Flip,2023-03-17,4,1277.17
97416,1,Galaxy S22,2023-07-03,2,879.91
30257,3,Galaxy S20,2023-10-14,4,1093.67
53540,2,Galaxy S21,2023-04-01,4,723.06
24168,2,Galaxy S23,2023-05-17,2,950.67
70332,1,Galaxy S23,2023-08-29,2,844.98
35313,3,Galaxy S22,2023-04-27,2,768.12
46585,3,Galaxy S23,2023-05-23,1,982.95
13617,5,Galaxy S22,2023-07-24,5,820.33
44795,3,Galaxy S20,2023-04-02,5,1091.41
51114,1,Galaxy S20,2023-11-02,4,968.17
85574,5,Galaxy S23,2023-09-19,1,878.36
80575,3,Galaxy S21,2023-01-23,4,719.37
53279,3,Galaxy S21,2023-08-09,1,870.73
49363,3,Galaxy Z Flip,2023-12-06,1,1440.65
48752,3,Galaxy Z Flip,2023-12-08,4,1332.03
59695,2,Galaxy Z Flip,2023-04-09,4,1425.52
10053,5,Galaxy S21,2023-10-19,3,783.99
89516,3,Galaxy S22,2023-04-18,4,897.52
77000,4,Galaxy S22,2023-08-15,4,878.82
97012,2,Galaxy S23,2023-12-04,1,860.12
39444,3,Galaxy Z Flip,2023-02-17,2,1427.69
72277,2,Galaxy S21,2023-01-13,1,758.23
85454,1,Galaxy Z Flip,2023-08-22,4,1486.57
95990,4,Galaxy S21,2023-09-11,4,758.09
77889,1,Galaxy S20,2023-08-06,2,934.24
25906,1,Galaxy S23,2023-10-13,2,974.06
88047,2,Galaxy S23,2023-08-26,5,986.72
81810,4,Galaxy S22,2023-11-10,5,836.56
42406,2,Galaxy S23,2023-09-01,4,855.7
20155,5,Galaxy S22,2023-09-06,2,810.73
80798,2,Galaxy S22,2023-05-20,3,818.39
30028,2,Galaxy S20,2023-03-19,2,975.63
71069,1,Galaxy S21,2023-08-01,4,771.97
86556,1,Galaxy S23,2023-04-16,4,879.13
56105,5,Galaxy S20,2023-07-14,4,900.28
81582,4,Galaxy S22,2023-08-03,5,891.03
73654,2,Galaxy Z Flip,2023-09-07,2,1317.33
71261,4,Galaxy S20,2023-06-22,4,1043.79
87580,5,Galaxy S21,2023-10-01,1,864.03
70515,1,Galaxy Z Flip,2023-02-12,4,1279.45
69598,1,Galaxy S21,2023-05-14,4,771.41
65255,3,Galaxy S22,2023-07-14,3,891.79
16826,1,Galaxy S22,2023-08-29,1,891.28
95426,2,Galaxy S22,2023-11-29,1,896.75
91439,1,Galaxy S20,2023-05-07,2,1066.78
83920,2,Galaxy S21,2023-03-06,4,826.08
31992,4,Galaxy S21,2023-12-25,3,841.65
24168,5,Galaxy Z Flip,2023-02-28,2,1508.26
59192,1,Galaxy Z Flip,2023-06-09,5,1428.95
92213,2,Galaxy S23,2023-02-08,5,933.27
88697,1,Galaxy S21,2023-12-23,3,854.98
96706,5,Galaxy S20,2023-01-22,3,1005.54
65057,1,Galaxy S22,2023-09-17,3,766.25
70258,1,Galaxy S23,2023-08-10,3,923.38
45400,4,Galaxy S21,2023-04-01,5,873.38
87656,5,Galaxy Z Flip,2023-09-05,4,1362.22
69087,3,Galaxy S22,2023-05-06,1,811.46
54092,4,Galaxy S21,2023-10-19,5,825.88
56507,4,Galaxy S20,2023-06-16,2,996.51
46211,3,Galaxy S22,2023-05-24,5,883.16
63271,1,Galaxy Z Flip,2023-09-22,2,1265.63
74332,5,Galaxy S23,2023-05-04,4,925.23
41890,1,Galaxy S23,2023-02-17,3,848.94
55056,5,Galaxy S22,2023-07-08,4,858.08
45509,5,Galaxy S23,2023-06-19,3,935.47
51359,3,Galaxy S22,2023-04-29,1,886.57
73464,5,Galaxy S20,2023-12-20,2,937.37
23176,5,Galaxy S22,2023-09-26,5,812.15
11854,3,Galaxy S21,2023-04-27,3,747.77
82529,2,Galaxy Z Flip,2023-05-21,1,1510.91
11607,2,Galaxy S22,2023-11-23,4,781.52
34164,3,Galaxy Z Flip,2023-08-29,4,1363.57
62521,3,Galaxy S20,2023-09-02,1,1063.36
83772,1,Galaxy S23,2023-10-23,1,836.38
64548,1,Galaxy S22,2023-05-08,1,858.86
59856,5,Galaxy Z Flip,2023-11-13,2,1456.09
50026,4,Galaxy S23,2023-06-02,5,987.11
23006,5,Galaxy Z Flip,2023-01-31,5,1506.99
32782,2,Galaxy S21,2023-05-16,1,744.2
87832,1,Galaxy Z Flip,2023-03-22,1,1354.75
47056,3,Galaxy S23,2023-01-17,2,860.9
91927,1,Galaxy S23,2023-12-18,2,975.22
94886,2,Galaxy Z Flip,2023-08-06,1,1392.3
50319,3,Galaxy S21,2023-03-14,1,728.63
49857,5,Galaxy Z Flip,2023-05-28,4,1276.32
20543,3,Galaxy S23,2023-09-14,5,897.88
13390,1,Galaxy Z Flip,2023-08-10,3,1408.62
12719,2,Galaxy S20,2023-12-12,5,1016.41
95394,5,Galaxy S22,2023-01-21,2,843.99
74451,3,Galaxy S23,2023-04-03,5,887.47
97835,4,Galaxy S20,2023-06-28,4,965.7
47777,2,Galaxy S20,2023-06-18,4,1037.7
43082,5,Galaxy S23,2023-01-19,4,824.93
10150,1,Galaxy S22,2023-07-26,5,904.17
57419,4,Galaxy Z Flip,2023-07-31,1,1293.77
36680,4,Galaxy Z Flip,2023-11-17,4,1451.76
73532,5,Galaxy S22,2023-03-09,3,838.49
30758,1,Galaxy S20,2023-11-19,5,1058.8
39451,5,Galaxy S22,2023-01-08,5,833.38
48254,4,Galaxy S20,2023-03-02,2,998.68
41946,3,Galaxy Z Flip,2023-08-01,4,1512.55
88561,5,Galaxy S23,2023-03-16,4,843.37
64387,2,Galaxy Z Flip,2023-02-05,3,1455.26
49132,5,Galaxy S22,2023-05-17,1,812.13
68529,5,Galaxy Z Flip,2023-12-04,4,1480.81
81228,4,Galaxy Z Flip,2023-06-26,3,1394.33
41300,4,Galaxy S23,2023-06-14,2,985.44
71993,4,Galaxy Z Flip,2023-04-30,4,1254.05
14852,4,Galaxy S23,2023-12-06,2,898.16
67711,5,Galaxy S21,2023-10-30,3,858.08
63736,5,Galaxy S20,2023-08-22,1,1043.44
62098,1,Galaxy S21,2023-08-29,3,773.2
51505,3,Galaxy S20,2023-12-12,5,975.03
92727,5,Galaxy S23,2023-01-19,5,821.4
93066,2,Galaxy S22,2023-02-16,4,930.22
16028,4,Galaxy S20,2023-03-27,3,1079.6
29080,1,Galaxy S22,2023-05-31,3,827.75
33600,5,Galaxy S21,2023-07-30,5,828.05
91226,2,Galaxy S21,2023-02-10,5,858.26
93611,4,Galaxy S21,2023-10-26,2,756.2
70981,4,Galaxy S22,2023-05-11,1,916.73
55293,5,Galaxy S22,2023-03-22,1,839.11
69878,3,Galaxy Z Flip,2023-11-24,4,1432.53
59986,2,Galaxy S22,2023-07-16,4,782.21
48696,3,Galaxy Z Flip,2023-10-22,3,1515.98
99889,4,Galaxy S20,2023-05-21,1,1012.17
40162,5,Galaxy S20,2023-09-12,3,1054.09
98835,3,Galaxy Z Flip,2023-04-23,2,1413.37
67779,1,Galaxy S21,2023-11-18,1,768.47
48680,5,Galaxy S20,2023-07-06,2,917.11
80701,4,Galaxy S22,2023-03-31,2,786.54
43681,5,Galaxy S22,2023-09-14,3,905.11
19869,3,Galaxy S23,2023-06-23,1,893.31
83048,2,Galaxy S21,2023-12-13,4,873.67
26199,1,Galaxy S22,2023-07-22,1,809.01
93695,3,Galaxy S23,2023-12-11,3,914.2
91205,1,Galaxy S22,2023-12-12,2,844.16
93283,3,Galaxy Z Flip,2023-11-09,2,1420.75
15943,3,Galaxy S23,2023-11-29,4,830.08
80457,3,Galaxy S20,2023-09-10,1,918.52
80804,4,Galaxy S21,2023-08-21,3,826.24
74139,5,Galaxy S23,2023-03-21,4,926.85
38477,4,Galaxy Z Flip,2023-05-24,1,1432.52
99873,4,Galaxy S23,2023-05-01,3,826.96
46160,5,Galaxy S22,2023-11-27,3,774.38
94109,1,Galaxy S21,2023-08-21,1,825.01
26505,1,Galaxy Z Flip,2023-01-26,3,1309.23
38305,2,Galaxy Z Flip,2023-02-05,5,1299.18
28964,3,Galaxy S21,2023-03-17,5,719.55
13379,5,Galaxy S21,2023-05-09,2,736.67
12068,1,Galaxy S21,2023-07-03,2,813.2
78955,3,Galaxy S21,2023-01-27,2,837.63
77271,1,Galaxy S20,2023-09-01,4,1054.55
90623,1,Galaxy Z Flip,2023-08-20,5,1303.15
14082,5,Galaxy S20,2023-06-04,4,1027.64
74260,4,Galaxy S20,2023-07-25,4,1036.18
18609,1,Galaxy S23,2023-02-11,3,918.47
52622,3,Galaxy S21,2023-11-16,5,806.73
89354,5,Galaxy S23,2023-09-29,3,890.68
95316,1,Galaxy S23,2023-12-26,1,962.43
64239,2,Galaxy Z Flip,2023-08-09,4,1487.11
50966,4,Galaxy S22,2023-07-24,4,887.99
30006,3,Galaxy S23,2023-12-07,3,876.4
22656,1,Galaxy S23,2023-02-16,1,825.86
83608,2,Galaxy S22,2023-10-12,1,863.68
97207,3,Galaxy Z Flip,2023-12-10,1,1355.38
23579,1,Galaxy S23,2023-05-28,5,865.28
39392,5,Galaxy Z Flip,2023-04-19,2,1423.26
46512,3,Galaxy S20,2023-10-12,3,922.05
91490,2,Galaxy Z Flip,2023-08-08,5,1510.97
45054,5,Galaxy Z Flip,2023-01-14,5,1498.43
56009,2,Galaxy S20,2023-05-20,3,1083.22
19120,2,Galaxy S20,2023-03-15,5,1030.44
65028,1,Galaxy S21,2023-02-16,5,753.48
52517,3,Galaxy S23,2023-03-22,3,865.13
90981,5,Galaxy Z Flip,2023-02-13,1,1284.94
73656,1,Galaxy S20,2023-05-20,4,1031.36
77154,4,Galaxy Z Flip,2023-08-01,3,1301.5
98930,3,Galaxy S20,2023-08-09,1,955.69
61807,4,Galaxy Z Flip,2023-09-27,3,1254.54
37686,1,Galaxy Z Flip,2023-01-04,2,1325.19
75193,3,Galaxy S21,2023-05-29,3,738.27
40161,2,Galaxy S23,2023-03-08,4,904.86
15544,5,Galaxy Z Flip,2023-12-09,3,1261.89
85465,1,Galaxy S23,2023-08-24,1,964.11
63088,5,Galaxy S23,2023-07-27,4,861.15
57428,3,Galaxy S20,2023-03-29,5,991.03
62487,4,Galaxy S20,2023-02-24,2,986.15
39041,1,Galaxy Z Flip,2023-07-22,3,1447.84
79547,2,Galaxy S22,2023-02-09,5,871.62
94599,2,Galaxy Z Flip,2023-06-28,3,1442.76
32740,2,Galaxy S21,2023-02-22,2,760.0
92306,2,Galaxy Z Flip,2023-12-02,1,1290.89
83989,4,Galaxy S23,2023-10-16,5,889.81
18950,3,Galaxy Z Flip,2023-11-18,3,1283.66
87518,4,Galaxy S23,2023-11-20,3,952.28
69233,3,Galaxy S20,2023-09-17,1,961.12
21835,1,Galaxy S20,2023-07-08,3,914.43
82655,5,Galaxy Z Flip,2023-09-17,4,1369.71
72341,4,Galaxy S20,2023-10-20,2,963.34
55015,2,Galaxy Z Flip,2023-02-01,4,1270.57
67377,5,Galaxy S20,2023-11-27,2,906.92
58870,5,Galaxy S23,2023-09-25,5,837.64
16863,4,Galaxy S22,2023-07-29,3,879.38
60667,1,Galaxy S22,2023-06-18,1,858.84
53694,3,Galaxy S22,2023-12-03,5,912.38
50662,5,Galaxy S20,2023-12-06,2,1082.27
59372,2,Galaxy S23,2023-11-01,1,864.76
97878,2,Galaxy S22,2023-12-10,5,779.97
33627,5,Galaxy S23,2023-07-05,1,874.3
28030,3,Galaxy S21,2023-09-06,2,755.3
80748,1,Galaxy S21,2023-06-01,1,800.23
91006,1,Galaxy Z Flip,2023-12-05,3,1483.88
91885,5,Galaxy S21,2023-07-12,2,745.03
41133,4,Galaxy S21,2023-01-23,4,777.32
41348,5,Galaxy S23,2023-05-26,4,851.17
84766,4,Galaxy S22,2023-04-10,3,879.28
64874,4,Galaxy S23,2023-05-25,4,899.52
16839,2,Galaxy S21,2023-11-06,2,858.61
77621,3,Galaxy S23,2023-10-11,1,937.01
77286,3,Galaxy S20,2023-02-12,2,953.6
55820,4,Galaxy S21,2023-02-16,2,849.61
40903,4,Galaxy S20,2023-01-28,4,999.4
22987,1,Galaxy S23,2023-07-11,2,814.17
71925,2,Galaxy S22,2023-03-12,1,812.81
20384,4,Galaxy S21,2023-08-18,5,719.94
89807,3,Galaxy S20,2023-04-21,2,1008.75
25970,4,Galaxy Z Flip,2023-02-26,3,1307.59
24530,2,Galaxy S20,2023-08-03,5,990.43
85372,5,Galaxy S23,2023-10-02,1,922.73
56244,2,Galaxy S21,2023-05-30,4,719.35
21221,5,Galaxy S21,2023-08-02,2,825.27
76535,3,Galaxy Z Flip,2023-02-04,5,1392.17
60709,1,Galaxy Z Flip,2023-07-19,4,1254.02
55193,3,Galaxy S22,2023-01-09,3,897.99
56176,1,Galaxy S21,2023-10-25,3,740.42
99742,3,Galaxy Z Flip,2023-11-26,2,1471.19
18270,4,Galaxy S23,2023-11-20,2,955.01
36144,1,Galaxy S23,2023-05-31,2,816.98
81176,3,Galaxy S20,2023-06-08,5,978.67
16265,3,Galaxy S23,2023-01-19,2,860.54
62431,3,Galaxy S22,2023-03-05,3,838.29
75211,4,Galaxy S23,2023-06-23,2,898.32
20345,5,Galaxy S22,2023-05-17,1,887.56
23447,5,Galaxy S23,2023-04-03,5,861.92
88986,3,Galaxy S20,2023-12-05,3,960.34
15551,2,Galaxy S23,2023-12-20,4,872.31
17518,5,Galaxy S22,2023-08-11,3,872.68
99051,4,Galaxy S20,2023-07-06,5,1059.16
67432,1,Galaxy S21,2023-03-15,5,827.46
58015,2,Galaxy S20,2023-02-04,2,1054.65
99006,4,Galaxy S22,2023-10-18,1,866.85
85225,3,Galaxy S23,2023-07-10,4,946.3
46528,5,Galaxy S21,2023-07-07,4,769.34
60723,1,Galaxy S21,2023-01-14,2,798.85
38124,1,Galaxy Z Flip,2023-05-15,3,1436.31
27790,3,Galaxy Z Flip,2023-12-22,4,1297.25
99381,4,Galaxy S20,2023-03-30,4,1098.35
48058,3,Galaxy S22,2023-12-30,1,857.49
76683,2,Galaxy S22,2023-12-31,2,898.87
74752,1,Galaxy S21,2023-04-13,2,756.93
82305,3,Galaxy S20,2023-10-11,5,972.81
72739,5,Galaxy S21,2023-02-14,1,768.52
51553,4,Galaxy Z Flip,2023-07-29,5,1262.36
82260,4,Galaxy S20,2023-08-27,5,967.93
17263,2,Galaxy Z Flip,2023-03-08,4,1380.79
52291,5,Galaxy S20,2023-03-20,3,932.0
42847,3,Galaxy S21,2023-09-23,3,854.28
90534,5,Galaxy S21,2023-05-21,2,818.98
86106,1,Galaxy Z Flip,2023-09-15,2,1405.34
89316,2,Galaxy S21,2023-12-04,5,834.26
94076,5,Galaxy S22,2023-01-22,1,777.89
64602,3,Galaxy Z Flip,2023-11-30,2,1453.68
49596,1,Galaxy Z Flip,2023-09-12,5,1321.95
19564,2,Galaxy S23,2023-12-17,4,862.58
36741,2,Galaxy S20,2023-08-14,4,995.85
51853,5,Galaxy S22,2023-03-15,3,910.38
23917,4,Galaxy S22,2023-03-08,3,851.54
42495,2,Galaxy S22,2023-08-27,1,809.52
90658,1,Galaxy S21,2023-01-26,3,870.17
50988,2,Galaxy S23,2023-03-23,3,976.99
50441,2,Galaxy S21,2023-09-13,5,793.7
41552,1,Galaxy S23,2023-02-16,4,899.98
74866,5,Galaxy S21,2023-06-30,1,727.18
24089,4,Galaxy Z Flip,2023-05-27,5,1244.26
57964,2,Galaxy S23,2023-05-16,3,946.44
57516,4,Galaxy S20,2023-01-27,5,1011.35
82070,3,Galaxy Z Flip,2023-02-07,4,1381.17
22672,5,Galaxy S22,2023-12-15,5,784.27
28909,3,Galaxy S23,2023-06-23,5,977.92
15938,5,Galaxy S21,2023-09-18,4,799.01
78069,2,Galaxy S20,2024-01-01,3,1059.73
90356,2,Galaxy S23,2023-11-07,5,834.23
49221,2,Galaxy S22,2023-07-21,5,889.64
83783,3,Galaxy Z Flip,2023-09-17,5,1388.93
24366,4,Galaxy S22,2023-01-09,3,820.34
44803,5,Galaxy S23,2023-06-07,1,916.42
32349,5,Galaxy Z Flip,2023-04-27,1,1403.05
41745,5,Galaxy Z Flip,2023-07-14,2,1468.78
67807,5,Galaxy S20,2023-12-25,1,937.22
63788,4,Galaxy S22,2023-03-19,4,881.35
77984,5,Galaxy Z Flip,2023-08-30,1,1436.79
51124,5,Galaxy S21,2023-06-16,4,803.07
98587,4,Galaxy S21,2023-09-30,3,806.39
46569,5,Galaxy S22,2023-09-05,2,926.66
37168,3,Galaxy Z Flip,2023-04-26,3,1454.84
45842,3,Galaxy S23,2023-09-03,3,909.88
61712,1,Galaxy S22,2023-10-21,5,828.57
20358,2,Galaxy S22,2023-05-29,1,812.94
38047,4,Galaxy S22,2023-12-02,3,891.0
27992,5,Galaxy S21,2023-05-19,5,830.35
97796,5,Galaxy S20,2023-10-28,2,947.54
64172,2,Galaxy Z Flip,2023-11-23,2,1256.49
82135,4,Galaxy S22,2023-02-21,2,764.98
36143,4,Galaxy S21,2023-12-01,4,795.4
21725,3,Galaxy S22,2023-05-27,1,918.27
32946,2,Galaxy Z Flip,2023-10-01,1,1494.05
34420,2,Galaxy S23,2023-01-19,4,950.78
24064,1,Galaxy S22,2023-01-05,3,860.54
27589,3,Galaxy S22,2023-08-21,5,853.13
53343,4,Galaxy Z Flip,2023-05-20,2,1465.23
11846,4,Galaxy S21,2023-11-28,3,833.93
93719,3,Galaxy S22,2023-10-18,2,793.9
97720,4,Galaxy S23,2023-09-21,3,824.7
42512,2,Galaxy S20,2023-03-13,4,963.76
44995,3,Galaxy S20,2023-07-16,2,988.36
95679,3,Galaxy S22,2023-10-26,5,766.04
30934,2,Galaxy S22,2023-02-01,1,843.12
93717,5,Galaxy S23,2023-12-27,3,933.21
27507,3,Galaxy S22,2023-11-11,2,801.31
81989,2,Galaxy S23,2023-08-21,5,876.28
99173,5,Galaxy S23,2023-12-07,2,946.08
57419,1,Galaxy Z Flip,2023-09-27,4,1387.78
76255,5,Galaxy S20,2023-02-27,1,1064.69
78202,5,Galaxy S21,2023-10-02,2,745.39
74071,1,Galaxy S23,2023-12-15,2,938.0
77272,5,Galaxy S20,2023-08-17,1,989.7
98181,4,Galaxy S23,2023-10-16,1,909.57
38560,1,Galaxy S22,2023-07-22,3,902.73
18357,1,Galaxy Z Flip,2023-01-24,4,1337.09
63591,1,Galaxy Z Flip,2023-02-05,4,1250.76
60132,2,Galaxy S21,2023-11-25,4,778.94
96742,4,Galaxy S23,2023-07-12,1,931.85
80419,2,Galaxy Z Flip,2023-12-01,3,1274.74
12979,5,Galaxy S23,2023-03-07,2,959.2
59712,4,Galaxy S22,2023-12-11,5,836.12
34704,2,Galaxy S21,2023-08-24,3,743.89
12050,1,Galaxy S20,2023-12-05,4,1021.96
68515,2,Galaxy S21,2023-02-04,1,814.01
40715,1,Galaxy Z Flip,2023-05-06,1,1353.03
47914,2,Galaxy Z Flip,2023-01-29,2,1381.08
98150,5,Galaxy S21,2023-06-13,5,814.65
78321,2,Galaxy S22,2023-06-04,2,931.47
87550,4,Galaxy S21,2023-06-03,3,728.84
55143,4,Galaxy S21,2023-10-12,4,726.59
49306,5,Galaxy S23,2023-06-13,4,882.5
39536,2,Galaxy S23,2023-10-03,4,852.43
64592,2,Galaxy S22,2023-08-26,1,859.59
36651,5,Galaxy Z Flip,2023-03-10,4,1309.03
34966,1,Galaxy S22,2023-08-19,3,779.8
19539,3,Galaxy S20,2023-07-13,5,1019.56
37379,5,Galaxy S21,2023-12-10,5,753.78
25376,3,Galaxy S22,2023-01-08,2,923.23
61987,2,Galaxy S23,2023-12-23,5,935.64
79946,5,Galaxy S21,2023-06-14,3,779.93
75179,3,Galaxy S22,2023-05-14,3,851.18
58589,1,Galaxy S23,2023-08-29,3,973.5
29126,4,Galaxy S22,2023-01-24,5,910.82
64732,3,Galaxy S20,2023-10-11,5,1014.81
84683,2,Galaxy S22,2023-04-11,3,803.16
74044,4,Galaxy S21,2023-10-09,3,760.22
81636,4,Galaxy S23,2023-03-28,3,839.53
19742,2,Galaxy S23,2023-10-05,1,903.31
40334,1,Galaxy S20,2023-07-31,2,1067.44
58916,2,Galaxy S20,2023-01-05,2,1000.15
96413,5,Galaxy S20,2023-11-23,5,1081.47
11553,1,Galaxy S23,2023-01-04,5,908.29
12246,5,Galaxy S20,2023-05-21,5,1094.4
78732,4,Galaxy Z Flip,2023-04-02,1,1495.38
56457,2,Galaxy S21,2023-04-09,5,803.23
70161,4,Galaxy S22,2023-02-10,3,926.99
20566,2,Galaxy Z Flip,2023-12-23,2,1324.79
72390,1,Galaxy S20,2023-07-27,4,974.46
66873,1,Galaxy S20,2023-12-26,2,915.62
40115,5,Galaxy S22,2023-02-18,5,920.17
19744,5,Galaxy S21,2023-09-01,3,726.54
51220,5,Galaxy S22,2023-10-16,1,794.55
62205,2,Galaxy S20,2023-10-28,2,1049.4
61007,3,Galaxy S20,2023-03-25,5,947.15
20279,3,Galaxy Z Flip,2023-07-16,2,1460.18
19963,3,Galaxy Z Flip,2023-01-28,1,1362.64
52778,5,Galaxy S22,2023-11-11,5,831.46
82487,3,Galaxy S20,2023-08-19,4,944.68
21232,4,Galaxy S23,2023-04-06,5,927.89
30214,3,Galaxy Z Flip,2023-05-07,1,1264.64
21995,2,Galaxy S23,2023-07-19,3,873.95
23399,3,Galaxy S20,2023-08-16,3,1051.22
82710,1,Galaxy S21,2023-04-06,4,790.83
82642,4,Galaxy Z Flip,2023-02-22,1,1266.73
11617,5,Galaxy S20,2023-11-03,3,1071.67
83339,4,Galaxy S22,2023-07-18,1,887.18
32216,5,Galaxy S21,2023-09-24,2,828.61
18292,3,Galaxy S21,2023-06-04,3,797.9
20082,4,Galaxy S21,2023-05-22,4,767.0
35630,3,Galaxy S22,2023-05-07,4,864.93
61864,1,Galaxy S23,2023-03-11,3,810.32
66441,5,Galaxy S22,2023-07-14,3,838.85
36326,2,Galaxy Z Flip,2023-06-03,3,1408.49
48200,3,Galaxy S23,2023-04-01,4,983.28
61502,5,Galaxy S23,2023-05-05,3,876.71
81516,1,Galaxy S22,2023-10-16,2,864.66
37479,5,Galaxy S21,2023-01-14,4,869.79
63627,3,Galaxy S23,2023-12-21,1,956.35
96332,2,Galaxy S23,2023-11-21,3,852.62
88372,4,Galaxy S21,2023-07-13,1,790.86
64827,5,Galaxy S23,2023-07-25,5,900.19
21138,1,Galaxy Z Flip,2023-07-04,5,1405.89
90304,2,Galaxy S20,2023-12-03,3,932.33
53463,5,Galaxy S20,2023-11-27,4,1092.27
76935,1,Galaxy S23,2023-01-06,1,855.62
59036,5,Galaxy Z Flip,2023-10-25,5,1303.0
29758,4,Galaxy S23,2023-12-14,5,933.24
21253,1,Galaxy S22,2023-09-05,1,814.26
37114,2,Galaxy S20,2023-06-28,3,967.64
69303,4,Galaxy Z Flip,2023-06-28,4,1268.94
25084,1,Galaxy S22,2023-06-03,1,901.67
31542,3,Galaxy S20,2023-11-28,1,1034.39
83380,5,Galaxy S21,2023-03-31,5,744.69
34430,4,Galaxy S23,2023-04-29,4,922.33
68926,4,Galaxy S23,2023-01-15,5,967.88
36972,4,Galaxy Z Flip,2023-07-19,1,1436.51
80371,1,Galaxy S22,2023-10-23,1,899.86
44387,3,Galaxy S21,2023-06-16,2,792.22
90125,5,Galaxy S23,2023-11-24,3,916.44
70012,5,Galaxy S23,2023-02-28,3,872.39
87354,2,Galaxy Z Flip,2023-12-11,3,1495.56
25328,2,Galaxy S20,2023-06-10,1,946.77
64819,3,Galaxy S21,2023-12-22,2,800.73
73788,2,Galaxy Z Flip,2023-10-22,4,1358.76
28388,2,Galaxy Z Flip,2023-10-12,2,1377.14
57059,3,Galaxy S21,2023-08-19,5,727.67
83607,4,Galaxy S20,2023-03-11,2,1061.98
68176,4,Galaxy Z Flip,2023-07-29,4,1356.71
38905,2,Galaxy S23,2023-02-12,5,814.65
32047,1,Galaxy S22,2023-05-21,2,855.39
85066,5,Galaxy S23,2023-09-11,5,900.94
15453,3,Galaxy S20,2023-10-06,3,1007.4
95678,5,Galaxy S23,2023-04-22,4,827.51
21401,3,Galaxy S21,2023-01-17,4,761.1
87060,1,Galaxy S23,2023-05-02,2,954.86
28249,5,Galaxy S22,2023-11-20,4,792.28
46842,2,Galaxy S21,2023-01-31,5,775.16
48356,5,Galaxy Z Flip,2023-03-28,3,1512.2
99037,5,Galaxy S22,2023-05-17,5,931.44
95969,2,Galaxy S20,2023-07-30,1,1097.4
42447,2,Galaxy S21,2023-05-08,2,832.78
92288,4,Galaxy S23,2023-03-14,5,922.81
22202,4,Galaxy S23,2023-08-20,1,923.03
73968,5,Galaxy S23,2023-05-23,3,890.85
70089,5,Galaxy S22,2023-01-02,1,888.21
66314,1,Galaxy S22,2023-10-01,4,801.09
54270,4,Galaxy S21,2023-05-18,3,851.47
55054,5,Galaxy Z Flip,2023-03-08,5,1477.27
30707,1,Galaxy S20,2023-02-20,4,902.35
27290,4,Galaxy S23,2023-01-01,4,845.48
42819,2,Galaxy S22,2023-05-21,1,875.25
91999,3,Galaxy S20,2023-12-07,2,909.45
10142,2,Galaxy S22,2023-08-08,1,883.59
78084,4,Galaxy S21,2023-02-09,2,813.97
65353,1,Galaxy S23,2023-01-05,3,956.02
23425,4,Galaxy S21,2023-02-06,2,780.31
27451,3,Galaxy S20,2023-07-08,3,926.5
95199,1,Galaxy S21,2023-09-29,5,720.45
29840,4,Galaxy S21,2023-06-29,2,819.47
21362,5,Galaxy S23,2023-12-18,4,963.72
56076,2,Galaxy S20,2023-03-05,5,1044.96
21042,3,Galaxy S23,2023-03-13,2,858.9
47345,5,Galaxy S21,2023-11-04,5,834.34
34726,3,Galaxy S20,2023-04-16,5,1020.36
41370,3,Galaxy S23,2023-11-27,1,950.03
87847,4,Galaxy S23,2023-02-27,2,898.92
27299,5,Galaxy S20,2023-01-07,3,1085.7
32645,5,Galaxy S23,2023-08-04,3,907.33
44365,1,Galaxy S23,2023-01-09,5,821.24
92388,1,Galaxy S21,2023-01-31,4,800.06
80328,4,Galaxy Z Flip,2023-08-05,4,1264.75
20357,5,Galaxy Z Flip,2023-03-20,3,1265.07
86865,2,Galaxy Z Flip,2023-03-21,5,1332.18
41278,3,Galaxy S20,2023-12-24,4,1044.95
90254,2,Galaxy S20,2023-02-14,4,922.27
27984,1,Galaxy Z Flip,2023-06-08,2,1274.97
43980,2,Galaxy S20,2023-09-12,3,1003.6
25473,3,Galaxy S21,2023-03-06,3,836.22
44465,3,Galaxy S20,2023-08-08,3,1003.77
17266,1,Galaxy Z Flip,2023-09-12,4,1382.98
23487,5,Galaxy S23,2023-03-27,3,837.38
11610,1,Galaxy Z Flip,2023-04-27,5,1242.71
29671,1,Galaxy S21,2023-08-30,3,780.3
42540,1,Galaxy S21,2023-10-11,4,754.98
25650,3,Galaxy S23,2023-05-19,1,911.86
16019,1,Galaxy Z Flip,2023-04-02,2,1464.0
50723,1,Galaxy S23,2023-08-27,3,948.18
36302,1,Galaxy S22,2023-10-11,4,765.45
58270,5,Galaxy S22,2023-06-05,5,805.29
42129,4,Galaxy Z Flip,2023-04-11,5,1451.89
55406,1,Galaxy S21,2023-07-29,1,756.33
50306,3,Galaxy S20,2023-01-01,4,1068.73
17850,2,Galaxy S20,2023-09-29,2,982.98
78125,3,Galaxy S21,2023-02-17,1,866.32
76247,3,Galaxy S23,2023-08-23,1,913.52
67014,4,Galaxy S21,2023-02-08,5,809.84
61505,2,Galaxy S21,2023-05-30,3,855.08
36569,3,Galaxy S22,2023-08-20,3,803.77
68925,5,Galaxy S21,2023-02-25,2,735.98
37215,3,Galaxy S23,2023-07-28,1,905.46
21851,3,Galaxy S23,2023-08-26,3,962.38
52964,3,Galaxy S21,2023-12-27,5,725.54
61936,1,Galaxy S21,2023-12-31,2,873.85
32789,1,Galaxy Z Flip,2023-12-13,3,1313.81
42748,4,Galaxy S20,2023-08-20,5,1048.57
18083,4,Galaxy S20,2023-02-22,2,923.37
92614,2,Galaxy S21,2023-04-12,4,778.58
19828,5,Galaxy S20,2023-10-28,3,1082.4
22055,1,Galaxy S20,2023-04-12,4,1060.8
85220,1,Galaxy S22,2023-01-22,4,772.7
65923,4,Galaxy S23,2023-09-12,1,877.91
68459,3,Galaxy S21,2023-04-20,2,763.04
94840,1,Galaxy S21,2023-11-11,5,817.69
21497,4,Galaxy S22,2023-07-30,5,845.44
78919,4,Galaxy S22,2023-03-12,4,797.97
57069,5,Galaxy S21,2023-01-10,4,844.05
75849,5,Galaxy S23,2023-09-06,3,973.2
88265,4,Galaxy S22,2023-05-19,2,768.53
71824,1,Galaxy S21,2023-05-24,1,848.32
23124,3,Galaxy Z Flip,2023-10-27,2,1510.82
17328,2,Galaxy S21,2023-05-17,5,849.54
32768,5,Galaxy S21,2023-07-18,3,868.55
57026,2,Galaxy S21,2023-10-31,3,847.93
83873,1,Galaxy Z Flip,2023-12-27,3,1503.53
33010,5,Galaxy S21,2023-04-07,4,805.73
38679,1,Galaxy S23,2023-02-16,1,850.93
90495,5,Galaxy S20,2023-09-02,1,965.38
52413,2,Galaxy S21,2023-06-24,2,865.92
28566,1,Galaxy S20,2023-03-17,5,1039.9
96787,5,Galaxy S20,2023-07-06,1,973.74
27884,5,Galaxy S23,2023-02-21,3,863.36
32833,4,Galaxy S21,2023-11-24,4,822.84
32983,5,Galaxy Z Flip,2023-07-02,2,1425.69
10235,3,Galaxy S23,2023-12-19,3,832.0
51709,4,Galaxy Z Flip,2023-10-18,1,1292.25
75035,2,Galaxy Z Flip,2023-11-24,5,1270.73
51879,3,Galaxy S21,2023-02-09,2,774.52
44761,1,Galaxy S21,2023-12-29,3,790.47
24160,2,Galaxy S21,2023-12-21,1,775.11
31802,1,Galaxy S20,2023-07-17,4,1045.47
23294,4,Galaxy S23,2023-07-13,3,907.28
19661,5,Galaxy S23,2023-11-30,2,838.35
23726,3,Galaxy S20,2023-01-11,3,951.27
19830,3,Galaxy S20,2023-03-29,4,931.25
73273,1,Galaxy Z Flip,2023-06-23,5,1513.94
66911,4,Galaxy S20,2023-12-01,2,1020.44
34901,1,Galaxy S21,2023-02-21,3,751.95
48980,5,Galaxy S23,2023-10-04,3,927.88
74349,1,Galaxy S21,2023-01-26,4,810.47
48607,1,Galaxy S21,2023-07-04,1,787.43
32391,4,Galaxy Z Flip,2023-04-13,1,1249.1
62096,1,Galaxy S22,2023-08-31,1,816.46
81319,4,Galaxy S23,2023-12-05,3,825.49
68428,2,Galaxy S23,2023-07-09,4,875.52
45200,3,Galaxy S20,2023-08-14,4,951.73
55061,1,Galaxy Z Flip,2023-03-19,1,1265.66
60738,4,Galaxy Z Flip,2023-10-29,2,1394.79
40886,4,Galaxy Z Flip,2023-10-02,4,1400.07
14551,3,Galaxy S23,2023-02-10,4,971.42
91300,5,Galaxy Z Flip,2023-09-22,5,1429.0
31910,1,Galaxy S21,2023-08-18,2,870.76
99538,2,Galaxy S21,2023-03-06,1,786.76
43801,2,Galaxy S23,2023-11-18,2,959.07
82358,1,Galaxy S22,2023-02-14,4,858.57
11620,3,Galaxy S22,2023-09-24,4,919.83
29613,5,Galaxy Z Flip,2023-09-25,4,1273.06
23133,5,Galaxy S21,2023-10-29,5,840.29
55071,5,Galaxy S20,2023-02-21,3,1072.42
72003,3,Galaxy S23,2023-07-16,4,911.95
89777,2,Galaxy S20,2023-05-22,4,927.84
16460,1,Galaxy S23,2023-07-22,3,933.25
49722,3,Galaxy S23,2023-07-10,1,869.85
39878,3,Galaxy S22,2023-09-09,1,929.23
64627,3,Galaxy S21,2023-08-15,3,762.15
63368,1,Galaxy Z Flip,2023-04-07,4,1300.34
30836,5,Galaxy S23,2023-07-11,1,901.75
78719,3,Galaxy S20,2023-12-30,5,979.7
36309,1,Galaxy Z Flip,2023-03-30,2,1483.55
57235,2,Galaxy S20,2023-01-17,4,909.2
93284,3,Galaxy S21,2023-07-08,4,799.82
68471,1,Galaxy S20,2023-05-04,3,996.76
31432,4,Galaxy S21,2023-10-28,5,774.99
31352,1,Galaxy S22,2023-05-26,1,829.74
45269,2,Galaxy Z Flip,2023-04-24,2,1429.04
27342,5,Galaxy S23,2023-01-11,1,894.34
50037,5,Galaxy S21,2023-01-05,2,759.43
38601,4,Galaxy S22,2023-07-12,3,842.04
62055,3,Galaxy S23,2023-12-13,5,957.31
59051,1,Galaxy Z Flip,2023-01-04,5,1517.84
24169,5,Galaxy Z Flip,2023-11-08,3,1324.38
46291,1,Galaxy S23,2023-06-22,3,924.28
41496,3,Galaxy S22,2023-04-07,2,851.94
13336,5,Galaxy S20,2023-07-26,3,1035.11
14629,3,Galaxy S23,2023-05-13,4,881.85
39145,5,Galaxy Z Flip,2023-04-08,3,1442.53
32280,4,Galaxy Z Flip,2023-12-10,3,1382.02
43902,2,Galaxy Z Flip,2023-05-31,1,1371.94
39131,2,Galaxy Z Flip,2023-12-15,3,1422.62
53426,2,Galaxy S22,2023-06-07,4,897.92
25437,3,Galaxy S22,2023-10-27,3,842.85
91350,1,Galaxy S23,2023-11-21,5,913.44
99220,4,Galaxy S20,2023-04-10,5,923.04
29762,5,Galaxy S23,2023-06-02,4,818.82
69974,2,Galaxy S21,2023-06-25,4,876.85
92710,3,Galaxy S21,2023-04-03,1,797.02
45851,3,Galaxy S21,2023-11-21,1,719.85
21539,2,Galaxy S21,2023-10-23,2,797.33
72573,5,Galaxy S21,2023-08-11,4,783.56
58903,1,Galaxy S23,2023-01-20,5,844.95
10540,3,Galaxy S20,2023-09-29,2,902.68
23462,2,Galaxy S21,2023-12-22,3,768.97
15992,5,Galaxy S23,2023-10-29,3,839.13
54280,3,Galaxy S22,2023-08-22,5,865.36
34697,2,Galaxy S23,2023-06-25,4,873.69
27197,4,Galaxy S21,2023-01-10,2,754.95
58049,1,Galaxy S21,2023-10-29,5,746.1
91675,4,Galaxy S20,2023-11-24,3,1053.2
12587,5,Galaxy S20,2023-01-25,1,1029.68
81733,1,Galaxy S20,2023-08-02,4,975.07
99881,4,Galaxy S22,2023-12-26,2,798.99
45386,3,Galaxy S20,2023-08-04,1,1031.46
23751,5,Galaxy Z Flip,2023-12-25,2,1357.6
23928,5,Galaxy Z Flip,2023-03-02,3,1273.47
78569,2,Galaxy S23,2023-11-08,2,948.98
15164,3,Galaxy S21,2023-12-27,4,766.3
10358,4,Galaxy Z Flip,2023-04-17,4,1333.25
29548,1,Galaxy S20,2023-02-26,5,1032.77
94454,5,Galaxy S20,2023-02-08,1,1079.87
23082,4,Galaxy S21,2023-06-01,3,793.29
50987,1,Galaxy S21,2023-05-29,3,847.2
28139,1,Galaxy S23,2023-02-18,1,810.84
45167,3,Galaxy S21,2023-07-03,4,871.72
62461,3,Galaxy S20,2023-06-25,2,921.84
95045,3,Galaxy S23,2023-07-17,4,952.92
30892,1,Galaxy S21,2023-03-09,1,875.95
98918,4,Galaxy S20,2023-10-30,4,1059.39
90131,2,Galaxy S23,2023-11-09,4,949.19
63907,2,Galaxy S20,2023-09-05,4,921.66
11620,1,Galaxy S23,2023-02-02,3,926.86
97797,5,Galaxy Z Flip,2023-10-17,2,1511.9
96732,5,Galaxy S22,2023-09-25,5,780.27
83183,4,Galaxy S21,2023-06-27,4,742.85
71510,1,Galaxy Z Flip,2023-01-06,2,1381.54
53371,2,Galaxy S23,2023-02-08,4,866.75
59628,1,Galaxy S22,2023-09-17,2,857.57
85108,2,Galaxy S23,2023-02-10,4,888.97
75191,1,Galaxy S23,2023-09-13,4,865.93
81971,1,Galaxy S20,2023-07-26,4,906.26
76628,1,Galaxy S20,2023-11-06,5,1026.48
57624,2,Galaxy Z Flip,2023-12-02,4,1504.3
91232,2,Galaxy S20,2023-08-21,3,1011.02
24945,4,Galaxy Z Flip,2023-12-03,3,1439.59
93055,2,Galaxy S20,2023-01-02,3,970.06
16000,5,Galaxy S22,2023-09-25,3,883.32
90065,4,Galaxy S21,2023-03-13,4,736.19
34979,2,Galaxy S21,2023-03-03,4,753.55
98098,1,Galaxy S22,2023-08-01,1,921.44
76086,1,Galaxy Z Flip,2023-08-19,4,1423.73
82512,4,Galaxy S21,2023-01-03,5,836.75
33226,5,Galaxy S23,2023-09-05,5,949.54
88714,2,Galaxy Z Flip,2023-03-07,1,1348.92
89822,3,Galaxy Z Flip,2023-09-16,4,1357.55
69355,3,Galaxy S21,2023-07-23,3,874.18
77147,2,Galaxy S21,2023-07-31,5,830.96
36330,5,Galaxy S22,2023-06-10,5,871.51
98129,5,Galaxy S21,2024-01-01,3,828.82
52255,2,Galaxy S21,2023-09-15,5,830.05
97445,3,Galaxy S20,2023-10-15,4,1015.54
78515,5,Galaxy S23,2023-05-27,4,954.43
17419,1,Galaxy S20,2023-07-15,2,909.7
29192,3,Galaxy S21,2023-03-24,3,828.31
69322,3,Galaxy S20,2023-04-15,5,905.55
94819,5,Galaxy S20,2023-12-12,5,1071.9
47701,4,Galaxy Z Flip,2023-05-02,5,1458.47
99803,4,Galaxy S20,2023-07-18,4,1090.25
36619,5,Galaxy S22,2023-01-28,1,890.38
81645,4,Galaxy Z Flip,2023-04-26,3,1450.41
99477,2,Galaxy Z Flip,2023-04-10,3,1365.87
15326,2,Galaxy S20,2023-03-30,5,922.95
86544,3,Galaxy S23,2023-10-12,3,832.49
30290,1,Galaxy S22,2023-06-19,4,884.61
91968,2,Galaxy S20,2023-06-15,5,909.26
19552,3,Galaxy Z Flip,2023-09-09,5,1393.84
76209,5,Galaxy S22,2023-04-23,2,852.5
55796,4,Galaxy S21,2023-10-06,5,783.57
48479,2,Galaxy S21,2023-12-06,3,772.0
95105,5,Galaxy S21,2023-09-29,4,878.36
94182,1,Galaxy S20,2023-12-09,3,988.14
52065,5,Galaxy Z Flip,2023-05-05,1,1430.38
47070,1,Galaxy S23,2023-07-17,3,906.23
68400,5,Galaxy S20,2023-07-11,5,1059.5
20793,1,Galaxy S23,2023-06-01,2,866.69
18581,2,Galaxy S20,2023-10-03,5,900.56
36945,2,Galaxy S21,2023-12-17,4,852.64
30152,4,Galaxy Z Flip,2023-11-28,1,1448.14
17113,4,Galaxy S20,2023-06-19,1,916.59
39837,3,Galaxy S21,2023-10-13,1,810.98
66757,4,Galaxy S22,2023-07-18,4,871.11
94072,1,Galaxy S22,2023-07-19,1,854.91
19514,1,Galaxy Z Flip,2023-10-27,1,1435.44
49498,5,Galaxy S22,2023-02-24,3,897.71
96602,1,Galaxy Z Flip,2023-05-25,4,1347.27
61248,4,Galaxy S20,2023-03-22,5,943.03
94926,3,Galaxy Z Flip,2023-11-21,2,1324.26
15475,1,Galaxy S22,2023-10-11,5,788.11
21157,5,Galaxy S20,2023-11-02,4,1006.42
94663,2,Galaxy S22,2023-06-26,2,834.17
43127,2,Galaxy Z Flip,2023-03-24,2,1302.94
81939,1,Galaxy S21,2023-04-03,5,855.29
42858,5,Galaxy S23,2023-02-07,3,929.87
56810,2,Galaxy S20,2023-10-25,4,1089.22
35362,2,Galaxy S21,2023-02-21,3,818.1
50065,4,Galaxy S22,2023-08-19,3,868.75
51462,2,Galaxy Z Flip,2023-10-17,5,1342.6
39035,2,Galaxy S23,2023-01-03,3,853.36
53458,3,Galaxy S23,2023-07-04,2,931.29
73828,4,Galaxy S23,2023-08-17,3,948.4
46780,1,Galaxy Z Flip,2023-03-31,5,1264.62
92132,5,Galaxy S21,2023-04-11,3,836.32
86269,1,Galaxy S20,2023-01-10,5,1025.3
82298,4,Galaxy Z Flip,2023-10-30,2,1492.14
29481,5,Galaxy S22,2023-10-04,4,875.13
48141,4,Galaxy S22,2023-04-25,5,888.6
57692,4,Galaxy S21,2023-09-14,5,733.57
90482,1,Galaxy Z Flip,2023-12-06,2,1476.04
84233,5,Galaxy S21,2023-03-13,4,744.54
73916,2,Galaxy Z Flip,2023-09-05,3,1253.16
97632,1,Galaxy S21,2023-05-16,3,756.5
69591,5,Galaxy S21,2023-07-04,4,794.15
78337,1,Galaxy S20,2023-11-29,3,919.72
59369,3,Galaxy S22,2023-10-24,5,860.91
59326,3,Galaxy S23,2023-10-28,1,902.0
55224,5,Galaxy S21,2023-07-27,3,849.69
28214,4,Galaxy S23,2023-11-06,1,899.33
46806,2,Galaxy S23,2023-04-28,1,901.61
25509,2,Galaxy S21,2023-04-06,2,776.98
72759,4,Galaxy S21,2023-06-19,1,796.05
63857,2,Galaxy S23,2023-10-30,2,925.48
31119,2,Galaxy S20,2023-01-23,2,1013.68
31802,5,Galaxy S21,2023-01-21,5,742.57
83872,2,Galaxy S22,2023-09-22,4,865.87
71789,3,Galaxy S20,2023-02-13,2,988.85
86368,2,Galaxy S23,2023-04-23,4,917.13
99861,5,Galaxy S21,2023-12-04,5,761.37
59572,4,Galaxy S22,2023-11-02,5,775.79
76107,2,Galaxy S23,2023-02-25,1,845.48
90576,2,Galaxy S23,2023-11-07,1,841.0
22214,1,Galaxy Z Flip,2023-09-30,5,1449.66
98940,2,Galaxy S23,2023-11-05,5,957.89
79444,5,Galaxy S23,2023-08-04,3,966.39
85513,2,Galaxy S23,2023-09-04,4,872.12
40475,4,Galaxy S20,2023-03-10,3,994.43
34775,3,Galaxy S20,2023-11-03,5,980.75
10942,1,Galaxy S20,2023-10-23,5,922.64
23970,2,Galaxy S23,2023-12-19,3,882.61
80268,4,Galaxy S21,2023-11-30,5,759.63
99208,5,Galaxy S23,2023-07-07,5,858.65
73238,2,Galaxy S23,2023-07-31,5,950.03
50193,3,Galaxy S21,2023-10-14,5,796.4
96413,3,Galaxy Z Flip,2023-12-28,4,1445.08
76629,2,Galaxy S20,2023-08-17,2,919.14
16822,3,Galaxy S23,2023-10-09,5,934.43
29048,4,Galaxy S21,2023-11-22,1,847.64
39067,5,Galaxy S23,2023-08-11,1,820.62
62513,1,Galaxy S22,2023-11-08,1,887.12
32973,5,Galaxy Z Flip,2023-05-27,5,1257.86
77915,4,Galaxy S23,2023-01-06,2,962.03
40365,2,Galaxy S22,2023-01-18,5,850.79
95854,2,Galaxy Z Flip,2023-12-12,1,1341.29
56285,2,Galaxy S20,2023-02-14,3,1054.88
18993,4,Galaxy S23,2023-10-28,2,902.19
55625,5,Galaxy S20,2023-05-26,5,1081.92
69606,3,Galaxy S22,2023-04-26,5,927.63
76353,5,Galaxy S23,2023-01-03,3,840.57
25336,5,Galaxy S20,2023-02-07,5,957.89
68034,3,Galaxy Z Flip,2023-10-03,5,1311.04
70142,5,Galaxy S23,2023-09-05,2,945.29
18854,5,Galaxy S23,2023-01-15,4,830.01
64057,2,Galaxy S23,2023-12-13,2,952.97
44517,5,Galaxy S22,2023-10-02,1,883.1
54825,3,Galaxy S21,2023-02-17,4,826.76
38647,5,Galaxy S20,2023-04-02,4,961.81
36170,3,Galaxy Z Flip,2023-04-04,2,1379.72
42728,2,Galaxy S21,2023-05-16,2,755.73
20287,3,Galaxy Z Flip,2023-03-21,1,1275.09
73214,5,Galaxy S23,2023-01-04,5,981.35
85303,5,Galaxy S22,2023-06-11,4,916.6
39110,4,Galaxy S22,2023-04-04,5,811.69
72694,2,Galaxy Z Flip,2023-01-28,5,1462.6
99959,1,Galaxy Z Flip,2023-09-15,3,1350.67
11103,4,Galaxy S21,2023-03-03,5,792.62
57395,2,Galaxy S20,2023-07-14,5,919.23
45311,3,Galaxy Z Flip,2023-04-06,5,1314.55
65567,5,Galaxy S23,2023-06-25,3,842.17
62506,4,Galaxy S21,2023-12-25,3,777.44
85483,4,Galaxy S22,2023-04-03,5,786.37
59923,1,Galaxy S21,2023-05-19,2,807.84
33148,2,Galaxy S21,2023-03-18,4,847.85
51383,4,Galaxy S23,2023-03-10,5,905.11
16253,3,Galaxy S23,2023-05-09,5,963.46
43330,1,Galaxy S23,2023-12-20,2,819.89
57226,1,Galaxy S23,2023-08-19,3,855.81
25890,5,Galaxy Z Flip,2023-05-12,3,1247.47
95082,5,Galaxy S22,2023-04-12,5,861.89
76904,2,Galaxy Z Flip,2023-05-26,3,1331.72
70784,4,Galaxy S23,2023-02-10,4,919.44
90256,2,Galaxy S21,2023-11-24,3,786.51
39912,4,Galaxy Z Flip,2023-02-06,1,1286.71
89349,3,Galaxy S22,2023-12-01,3,884.73
78280,3,Galaxy S23,2023-08-16,3,943.57
26389,4,Galaxy S23,2023-03-27,2,962.69
62041,3,Galaxy S21,2023-12-25,1,752.75
13455,1,Galaxy S20,2023-02-02,4,1008.68
30352,5,Galaxy S23,2023-02-12,1,856.29
47247,4,Galaxy S20,2023-06-08,2,948.53
13744,2,Galaxy S23,2023-03-09,5,959.87
80855,3,Galaxy S20,2023-06-16,4,992.45
80685,5,Galaxy S22,2023-08-16,2,928.73
93342,5,Galaxy S21,2023-11-02,4,819.94
55504,4,Galaxy Z Flip,2023-09-26,5,1327.47
57943,5,Galaxy S23,2023-04-27,1,888.55
78592,3,Galaxy S23,2023-03-21,3,811.0
74478,3,Galaxy S21,2023-05-27,4,804.61
88250,3,Galaxy S23,2023-01-05,4,952.57
83472,1,Galaxy S21,2023-10-08,3,749.23
94671,4,Galaxy S23,2023-05-08,2,937.65
91962,4,Galaxy S23,2023-04-23,3,823.34
79722,5,Galaxy S21,2023-11-10,3,764.59
47957,4,Galaxy S22,2023-04-07,1,795.07
91625,4,Galaxy S20,2023-11-13,4,953.47
80119,2,Galaxy S23,2023-06-14,1,836.46
67464,2,Galaxy S20,2023-02-22,3,952.89
38467,2,Galaxy S20,2023-02-16,2,902.04
70776,4,Galaxy S22,2023-06-09,4,933.55
61435,3,Galaxy S20,2023-02-11,2,910.3
42778,5,Galaxy S20,2023-08-29,2,937.5
68059,1,Galaxy S23,2023-03-04,2,878.29
22315,1,Galaxy S21,2023-04-12,4,836.6
50908,2,Galaxy Z Flip,2023-08-31,4,1430.08
82034,2,Galaxy S22,2023-11-19,1,890.55
36047,1,Galaxy Z Flip,2023-05-10,4,1418.23
40928,1,Galaxy S22,2023-12-08,2,929.36
86637,3,Galaxy S23,2023-01-08,2,951.93
86162,4,Galaxy S20,2023-05-05,1,1092.67
42600,5,Galaxy S23,2023-03-21,3,947.69
91937,4,Galaxy S21,2023-02-16,5,773.18
24076,1,Galaxy S20,2023-07-02,2,1039.23
94495,4,Galaxy S21,2023-04-30,3,875.97
56945,4,Galaxy S22,2023-04-09,1,881.13
83272,3,Galaxy S21,2023-01-21,4,832.02
34461,5,Galaxy S22,2023-12-23,4,796.32
88470,3,Galaxy Z Flip,2023-06-15,4,1317.99
48754,2,Galaxy Z Flip,2023-02-05,5,1284.79
93627,5,Galaxy S22,2023-07-07,4,764.22
57720,4,Galaxy Z Flip,2023-04-05,1,1413.05
80642,2,Galaxy Z Flip,2023-06-14,1,1423.69
30202,2,Galaxy S23,2023-09-26,4,946.78
24478,3,Galaxy Z Flip,2023-06-15,4,1418.89
27009,5,Galaxy S20,2023-12-04,1,907.85
22943,1,Galaxy S21,2023-04-14,1,796.66
78920,5,Galaxy S20,2023-11-25,4,1030.55
89423,5,Galaxy Z Flip,2023-05-12,1,1343.11
20480,1,Galaxy S20,2023-04-17,4,1084.6
64519,1,Galaxy S23,2023-07-04,5,942.78
19225,1,Galaxy S22,2023-11-12,3,853.93
40279,1,Galaxy S22,2023-04-21,5,780.59
42605,4,Galaxy Z Flip,2023-04-08,2,1387.23
23829,2,Galaxy Z Flip,2023-10-13,5,1356.59
65977,3,Galaxy Z Flip,2023-12-12,4,1435.9
54238,2,Galaxy S20,2023-04-03,5,979.33
51307,5,Galaxy S21,2023-11-04,4,868.28
66438,3,Galaxy Z Flip,2023-07-10,4,1452.91
59160,5,Galaxy S22,2023-05-04,5,856.75
62047,3,Galaxy Z Flip,2023-07-04,4,1365.51
27705,1,Galaxy S20,2023-05-26,5,902.36
51275,1,Galaxy S22,2023-06-03,2,800.58
84922,3,Galaxy S20,2023-10-11,5,1010.25
28141,1,Galaxy S21,2023-01-20,4,775.93
49361,3,Galaxy S22,2023-10-26,2,803.66
20118,5,Galaxy S20,2023-07-24,5,1082.49
85527,4,Galaxy S22,2023-03-30,4,904.3
85534,5,Galaxy S20,2023-11-25,3,906.57
66925,1,Galaxy S23,2023-01-29,3,871.66
93084,1,Galaxy S23,2023-04-27,5,976.07
80769,1,Galaxy S23,2023-06-06,5,816.5
30079,2,Galaxy Z Flip,2023-06-17,5,1434.58
21807,4,Galaxy S20,2023-08-17,5,1014.04
54062,4,Galaxy S21,2023-05-29,4,742.75
44413,4,Galaxy S20,2023-10-20,1,1008.62
27088,4,Galaxy S20,2023-09-14,4,1053.71
95491,4,Galaxy S21,2023-10-14,2,797.06
78714,2,Galaxy Z Flip,2023-10-15,5,1517.19
52390,2,Galaxy S21,2023-02-06,3,843.23
55653,1,Galaxy Z Flip,2023-02-27,4,1358.9
49953,3,Galaxy S21,2023-06-26,5,823.83
67732,3,Galaxy S21,2023-11-12,4,818.68
21247,2,Galaxy S20,2023-04-13,3,930.27
47707,1,Galaxy S20,2023-05-05,5,1084.26
71759,3,Galaxy S20,2023-12-22,1,960.06
81620,3,Galaxy S20,2023-04-18,5,941.43
28526,3,Galaxy Z Flip,2023-10-08,4,1413.96
32324,4,Galaxy S20,2023-10-26,5,907.79
70943,3,Galaxy S20,2023-04-13,5,953.3
96520,1,Galaxy S20,2023-07-18,3,1031.56
95119,1,Galaxy S22,2023-01-10,3,911.39
23055,2,Galaxy S23,2023-07-14,5,984.69
36066,4,Galaxy S22,2023-11-02,5,779.05
79391,4,Galaxy Z Flip,2023-10-15,1,1252.97
12408,3,Galaxy S22,2023-09-08,4,890.5
75700,3,Galaxy S22,2023-07-01,3,804.21
13862,1,Galaxy S22,2023-11-17,3,913.3
61491,3,Galaxy Z Flip,2023-04-26,2,1336.33
90274,1,Galaxy S21,2023-07-15,5,872.6
50944,4,Galaxy S21,2023-05-04,5,743.51
95520,3,Galaxy Z Flip,2023-08-18,5,1278.37
50501,5,Galaxy S21,2023-10-05,2,856.94
84035,2,Galaxy Z Flip,2023-08-09,2,1423.12
25517,3,Galaxy S21,2023-02-04,5,804.27
64269,3,Galaxy S21,2023-03-16,1,841.42
34632,3,Galaxy S23,2023-08-15,3,836.42
90213,2,Galaxy S20,2023-04-05,1,1051.44
